<?xml version="1.0" encoding="UTF-8"?>
<project-private xmlns="http://www.netbeans.org/ns/project-private/1">
    <editor-bookmarks xmlns="http://www.netbeans.org/ns/editor-bookmarks/2" lastBookmarkId="0"/>
    <open-files xmlns="http://www.netbeans.org/ns/projectui-open-files/2">
        <group>
            <file>file:/C:/notas/TPsProgramacion2/TPsProgramacion2/TP9-AccesoABDConJDBC/src/dao/CategoriaDAO.java</file>
            <file>file:/C:/notas/TPsProgramacion2/TPsProgramacion2/TP9-AccesoABDConJDBC/src/dao/BaseDAO.java</file>
            <file>file:/C:/notas/TPsProgramacion2/TPsProgramacion2/TP9-AccesoABDConJDBC/src/dao/ProductoDAO.java</file>
            <file>file:/C:/notas/TPsProgramacion2/TPsProgramacion2/TP9-AccesoABDConJDBC/src/service/ProductoService.java</file>
            <file>file:/C:/notas/TPsProgramacion2/TPsProgramacion2/TP9-AccesoABDConJDBC/src/config/DatabaseConnection.java</file>
            <file>file:/C:/notas/TPsProgramacion2/TPsProgramacion2/TP9-AccesoABDConJDBC/src/model/ItemPedido.java</file>
            <file>file:/C:/notas/TPsProgramacion2/TPsProgramacion2/TP9-AccesoABDConJDBC/src/model/Producto.java</file>
            <file>file:/C:/notas/TPsProgramacion2/TPsProgramacion2/TP9-AccesoABDConJDBC/src/model/Pedido.java</file>
            <file>file:/C:/notas/TPsProgramacion2/TPsProgramacion2/TP9-AccesoABDConJDBC/src/dao/GenericDAO.java</file>
            <file>file:/C:/notas/TPsProgramacion2/TPsProgramacion2/TP9-AccesoABDConJDBC/src/service/PedidoService.java</file>
            <file>file:/C:/notas/TPsProgramacion2/TPsProgramacion2/TP9-AccesoABDConJDBC/src/service/BaseService.java</file>
        </group>
    </open-files>
</project-private>
